{"cameraMode":{"drawMode":0,"name":"Shaded","section":"Shading Mode"},"sceneLighting":true,"audioPlay":false,"sceneViewState":{"m_AlwaysRefresh":false,"showFog":true,"showSkybox":true,"showFlares":true,"showImageEffects":true,"showParticleSystems":true,"showVisualEffectGraphs":true,"m_FxEnabled":true},"in2DMode":false,"pivot":{"x":-2.3085386753082277,"y":8.067094802856446,"z":4.122232913970947},"rotation":{"x":0.09136968106031418,"y":0.027945321053266527,"z":-0.0018806387670338154,"w":0.9955925345420837},"size":19.526491165161134,"orthographic":true}